"guid","name","summary","start date","end date","related person 1","related person 2","related person 3","related person 4","related person 5","personal related person 1","personal related person 2","personal related person 3","related event 1","related event 2","related event 3","related event 4","related event 5","personal related event 1","personal related event 2","personal related event 3","notes","personal notes","source & license","tags"
"p*e/-Ey0[x","Age of Enlightenment","Intellectual movement emphasizing reason, science, and individual rights over tradition and religious authority; philosophers like Voltaire, Locke, and Rousseau challenged absolutism and laid foundations for modern democracy","1687","1789","Johann Wolfgang von Goethe (1749–1832): Embodied Enlightenment ideals through his literary and scientific works.","","","","","","","","Classical period (music) (1750–1820): Musical style reflected Enlightenment values of balance and rational form.","French Revolution (1789–1799): Revolutionary ideals drew heavily from Enlightenment philosophy about rights and reason.","Napoleonic Wars (1803–1815): Post-Enlightenment conflicts tested and spread Enlightenment political ideas.","","","","","","Key ideas: natural rights, separation of powers, social contract, religious tolerance. Major centers: France (philosophes), Scotland (Scottish Enlightenment), Germany (Aufklärung). The movement's dates are often marked from Newton's Principia (1687) to the French Revolution (1789).","","Claude Sonnet 4.5","UH::Period::18th_Century, UH::Period::19th_Century, UH::Region::Europe"
"uD)3Z(]g4","American Civil War","A major conflict in the United States between the Union and the Confederacy, primarily over slavery and states’ rights; it reshaped global views on democracy, warfare, and emancipation.","1861","1865","Abraham Lincoln (1809–1865): Led the Union and made abolition of slavery a central war aim.","Robert E. Lee (1807–1870): Commanded the main Confederate army and shaped the conflict’s military course.","Ulysses S. Grant (1822–1885): Union general whose victories were decisive in winning the war.","","","","","","Expansion of Railways (1830–1870): Rail networks played a crucial role in troop and supply movements.","Industrial Revolution (c. 1760–c. 1840): Industrialization created economic and social divisions between North and South.","Second Industrial Revolution (1870–1914): Postwar growth accelerated industrial and technological change.","","","","","","European powers—especially Britain and France—considered recognizing the Confederacy but ultimately stayed neutral. The war accelerated technological warfare developments like ironclads, rail logistics, and rapid telegraph communication.","","ChatGPT 5.1","UH::Period::19th_Century, UH::Region::North_America"
"q1`%l#|GH#","Appomattox Campaign","Final military campaign of the Civil War ending with Lee's surrender to Grant at Appomattox Court House; marked the effective end of the war.","1865","","Andrew Johnson (1808–1875): President who formally declared the war's end on August 20, 1866.","Robert E. Lee (1807–1870): Confederate general who surrendered the Army of Northern Virginia.","Ulysses S. Grant (1822–1885): Union general who commanded forces and accepted Lee's surrender.","","","","","","American Civil War (1861–1865): This campaign was the final phase of the war.","Emancipation Proclamation (Proclamation 95) (1863): The surrender secured the proclamation's promise.","Thirteenth Amendment to the US Constitution (1865): Surrender enabled the amendment's ratification.","","","","","","Campaign ran March 29–April 9, 1865. Included battles at Five Forks (April 1) and Sailor's Creek (April 6). Lee surrendered to Grant on April 9, 1865 at Appomattox Court House. Generous terms allowed Confederate soldiers to return home if they pledged to end fighting. War formally declared ended by President Johnson on August 20, 1866.","","Claude Sonnet 4.5","UH::Period::19th_Century, UH::Region::North_America"
"z;m~=.c*3i","Assassination of Alexander II","Revolutionary terrorists from Narodnaya Volya assassinated Tsar Alexander II with bombs in St. Petersburg; marked the high point of Russian revolutionary terrorism and end of reform era.","1881","","Alexander II of Russia (1818–1881): Tsar killed by second bomb after exiting damaged carriage.","Alexander III of Russia (1845–1894): brought to power and shaped his reactionary policies","","","","","","","Emancipation of the Serfs (1861): His major reform that failed to satisfy revolutionaries.","Russo-Turkish War (1877–1878): Recent conflict he led.","Victorian Era (1837–1901): Contemporary period.","","","","","","Occurred March 13, 1881 in St. Petersburg. First bomb by Nikolai Rysakov damaged imperial carriage. When Alexander exited to check wounded, Ignacy Hryniewiecki threw second bomb at his feet, fatally wounding both himself and the Tsar. Six conspirators including organizer Sophia Perovskaya were executed April 15, 1881. Assassination planned by Narodnaya Volya (People's Will) revolutionary group hoping to spark revolution.","","Claude Sonnet 4.5","UH::Period::19th_Century, UH::Region::Europe"
"b(QWS}0L-?","Assassination of Archduke Franz Ferdinand","Austro-Hungarian heir Franz Ferdinand and his wife Sophie assassinated in Sarajevo by Bosnian Serb student Gavrilo Princip; triggered July Crisis and outbreak of World War I.","1914","","Archduke Franz Ferdinand of Austria (1863–1914): Archduke and heir presumptive to Austro-Hungarian throne, assassinated with his wife.","","","","","","","","Austro-Hungarian Compromise (1867): Established the dual monarchy that Franz Ferdinand would have inherited.","Scramble for Africa (1881–1914): Period of imperial competition that contributed to European tensions.","Victorian Era (1837–1901): Late Victorian era context of European power politics.","","","","","","Occurred June 28, 1914 in Sarajevo. Princip was 19-year-old member of Young Bosnia seeking to free Bosnia from Austrian rule. Chauffeur took wrong turn, stopped and reversed, giving Princip opportunity to shoot both Franz Ferdinand and Sophie at point-blank range. Set off July Crisis leading to World War I outbreak within one month. Princip sentenced to 20 years (too young for death penalty), died of tuberculosis in prison 1918.","","Claude Sonnet 4.5","UH::Period::20th_Century, UH::Region::Europe"
"rq|k3)-ift","Austro-Hungarian Compromise","Agreement establishing the Dual Monarchy of Austria-Hungary, granting Hungary full internal autonomy while maintaining single state for war and foreign affairs.","1867","","Ferenc Deák (1803–1876): Hungarian statesman who negotiated the compromise.","Franz Joseph I of Austria (1830–1916): Emperor who agreed to the compromise and was crowned King of Hungary on June 8, 1867.","Gyula Andrássy (1823–1890): Hungarian political leader who helped negotiate and became first Prime Minister of Hungary under the Dual Monarchy.","","","","","","Austro-Prussian War (1866): Austria's defeat weakened its position and made compromise with Hungary necessary.","Hungarian Revolution of 1848–1849 (1848–1849): The compromise ended absolutist rule imposed after this failed revolution.","Victorian Era (1837–1901): Contemporary period.","","","","","","Concluded February 8, 1867. Created dual monarchy where Austria and Hungary were equal partners under one monarch. Hungary gained full internal autonomy with responsible ministry. Franz Joseph crowned King of Hungary June 8, 1867. According to Franz Joseph: ""There were three of us who made the agreement: Deák, Andrássy and myself.""","","Claude Sonnet 4.5","UH::Period::19th_Century, UH::Region::Europe"
"zJ4%|1KRN4","Austro-Prussian War","Conflict between Austria and Prussia for dominance in Germany.","1866","","Helmuth von Moltke the Elder (1800–1891): Planned and executed Prussian military strategy in the war.","Otto von Bismarck (1815–1898): Engineered the conflict to exclude Austria from German affairs.","Wilhelm I (1797–1888): Prussian king under whom victory paved the way to German unification.","","","","","","Franco-Prussian War (1870–1871): Follow-up conflict that finalized unification.","Revolutions of 1848 (1848–1849): Earlier struggles influenced nationalist rivalries between Austria and Prussia.","Unification of Germany (1866–1871): Cleared the way for Prussian leadership of Germany.","","","","","","Paved the way for Prussian leadership in German unification.","","ChatGPT 5.1","UH::Period::19th_Century, UH::Region::Europe"
"hIP`/;.Jaw","Battle of Trafalgar","Decisive British naval victory over combined French-Spanish fleet; established British naval supremacy for over a century but resulted in Admiral Nelson's death.","1805","","Horatio Nelson, 1st Viscount Nelson (1758–1805): British admiral who commanded the Royal Navy fleet and died during the battle.","Napoleon Bonaparte (1769–1821): French emperor whose planned invasion of Britain depended on winning naval control.","","","","","","","Congress of Vienna (1814–1815): Post-Napoleonic settlement.","French Invasion of Russia (1812): Napoleon's later major campaign.","Napoleonic Wars (1803–1815): Trafalgar was a decisive naval battle of the wars.","","","","","","Fought October 21, 1805 off Cape Trafalgar, Spain. British fleet of 27 ships defeated Franco-Spanish fleet of 33 ships. Nelson's innovative tactics broke enemy line at right angles. Nelson killed by French musketeer during battle. Franco-Spanish lost 19-20 ships and 14,000 men; British lost no ships, 1,500 casualties. Ended Napoleon's invasion plans and secured British naval supremacy.","","Claude Sonnet 4.5","UH::Period::19th_Century, UH::Region::Europe"
"PyDN_THI&f","Battle of Waterloo","Napoleon's final defeat by Wellington and Blücher; ended the Hundred Days and the Napoleonic Wars.","1815","","Arthur Wellesley, 1st Duke of Wellington (1769–1852): Commanded the allied army that defeated Napoleon.","Gebhard Leberecht von Blücher (1742–1819): Led the Prussian army whose arrival turned the tide of battle.","Napoleon Bonaparte (1769–1821): Led French forces in his final battle before second abdication and exile.","","","","","","Congress of Vienna (1814–1815): The post-war settlement was ongoing when Waterloo was fought.","French Revolution (1789–1799): The wars grew out of revolutionary France.","Napoleonic Wars (1803–1815): The Battle of Waterloo was the final battle of the Napoleonic Wars.","","","","","","Fought on June 18, 1815. Napoleon's delay waiting for dry ground allowed Prussian reinforcements to arrive, sealing his defeat.","","Claude Sonnet 4.5","UH::Period::19th_Century, UH::Region::Europe"
"f5s4mei:xy","Classical period (music)","Era of classical music falling between the Baroque and Romantic periods.","1750","1820","Joseph Haydn (1732–1809): Prolific composer whose symphonies and string quartets helped define the classical style.","Ludwig van Beethoven (1770–1827): Bridged the Classical and Romantic periods with his innovative compositions.","","","","","","","Age of Enlightenment (1687–1789): The intellectual movement that shaped classical music's emphasis on clarity and order.","Napoleonic Wars (1803–1815): Occurred during the late Classical period and influenced composers like Beethoven.","","","","","","","The best-known composers from this period are Joseph Haydn, Wolfgang Amadeus Mozart, Ludwig van Beethoven, and Franz Schubert.","","Claude Sonnet 4.5","UH::Period::18th_Century, UH::Period::19th_Century, UH::Region::Europe"
"Dh=%iw=>*R","Concert of Europe","Diplomatic system of balance of power among European great powers established after the Napoleonic Wars to maintain stability and prevent major conflicts.","1815","c. 1848","Alexander I of Russia (1777–1825): Russian emperor and one of the leading personalities maintaining the system.","Klemens von Metternich (1773–1859): Austrian chancellor who chaired the Congress of Vienna and was a leading architect of the Concert system.","Robert Stewart, Viscount Castlereagh (1769–1822): British foreign secretary who was instrumental in establishing the Concert.","","","","","","Congress of Vienna (1814–1815): Established the Concert of Europe system.","Napoleonic Wars (1803–1815): The Concert was created to prevent recurrence of such conflicts.","Revolutions of 1848 (1848–1849): Challenged the Concert system and marked the end of its original form.","","","","","","System of periodic conferences among five great powers (Britain, Russia, Austria, Prussia, France) to maintain balance of power and suppress revolutionary movements. Challenged by revolutions of 1830 and especially 1848, which combined nationalist and liberal ideas against the conservative order.","","Claude Sonnet 4.5","UH::Period::19th_Century, UH::Region::Europe"
"HKNFcaHTi9","Congress of Angostura","Revolutionary congress convened by Bolívar that proclaimed Gran Colombia, uniting Venezuela, New Granada, and Quito; Bolívar delivered his influential address on constitutional government.","1819","","Francisco de Paula Santander (1792–1840): Appointed vice president of Gran Colombia at the congress.","Simón Bolívar (1783–1830): Convened the congress and delivered his famous address on February 15, 1819.","","","","","","","Napoleonic Wars (1803–1815): European conflicts provided context for Latin American independence movements.","Venezuelan War of Independence (1810–1823): The congress was convened during the independence struggle.","Victorian Era (1837–1901): Later contemporary period.","","","","","","Opened February 15, 1819, in Angostura (today Ciudad Bolívar). Bolívar delivered address warning against imitating Anglo-American institutions and advocating centralized government with hereditary Senate. December 17, 1819, congress proclaimed Gran Colombia through the Fundamental Law of the Republic, uniting Venezuela, New Granada, and Quito. Bolívar appointed president, Santander vice president. Full constitution later written by Congress of Cúcuta (1821).","","Claude Sonnet 4.5","UH::Period::19th_Century, UH::Region::South_America"
"MA64t.X|/X","Congress of Berlin","Major diplomatic conference that revised the Treaty of San Stefano ending the Russo-Turkish War; redrew Balkan borders and maintained European balance of power.","1878","","Alexander II of Russia (1818–1881): Russian tsar whose gains from the Russo-Turkish War were reduced by the congress.","Benjamin Disraeli (1804–1881): British Prime Minister who secured Cyprus and limited Russian expansion.","Otto von Bismarck (1815–1898): German Chancellor who chaired the congress as ""honest broker"".","","","","","","Concert of Europe (1815–c. 1848): Continuation of the balance of power diplomatic tradition.","Russo-Turkish War (1877–1878): The congress revised the war's peace settlement.","Victorian Era (1837–1901): Contemporary period, part of 19th century European diplomacy.","","","","","","Held June 13-July 13, 1878. Reduced Bulgaria's size from Treaty of San Stefano. Granted full independence to Serbia, Romania, Montenegro. Austria-Hungary occupied Bosnia-Herzegovina. Britain gained Cyprus. Bismarck played neutral mediator role. Demonstrated continued European great power diplomacy.","","Claude Sonnet 4.5","UH::Period::19th_Century, UH::Region::Europe"
"dEQz3e8<~M","Congress of Vienna","Diplomatic conference to restore European order after the Napoleonic Wars.","1814","1815","Alexander I of Russia (1777–1825): One of the leading monarchs who redrew Europe’s map after Napoleon.","Arthur Wellesley, 1st Duke of Wellington (1769–1852): Represented British interests at the peace negotiations.","Ludwig van Beethoven (1770–1827): Lived in Vienna and composed works reflecting the era of Napoleonic conflict.","","","","","","Crimean War (1853–1856): Rivalries within the Vienna system contributed to later great-power conflicts.","Napoleonic Wars (1803–1815): The congress was convened to settle the outcome of the wars.","Revolutions of 1848 (1848–1849): The conservative order created in Vienna was challenged by later revolutions.","","","","","","Established a balance-of-power system that shaped Europe for decades.","","ChatGPT 5.1","UH::Period::19th_Century, UH::Region::Europe"
"xC3jmsN8kl","Crimean War","Conflict between the Russian Empire and an alliance of the Ottoman Empire, Britain, and France. Russia came out significantly weakened.","1853","1856","Alexander II of Russia (1818–1881): Tsar who inherited the conflict and its consequences for Russian reform.","Karl Marx (1818–1883): Commentated on the war as a journalist and critic of European diplomacy.","Queen Victoria (1819–1901): British monarch during the war, which involved major British deployment.","","","","","","Congress of Vienna (1814–1815): Tested the balance-of-power system established at Vienna.","Scramble for Africa (1881–1914): Imperial rivalries evident in Crimea later extended into colonial competition.","Unification of Italy (Risorgimento) (1848–1871): Piedmont’s role in the war raised its international standing.","","","","","","One of the first modern wars, with railways, telegraphs, and war reporting.","","ChatGPT 5.1","UH::Period::19th_Century, UH::Region::Asia, UH::Region::Europe"
"lMX-@{U8XK","Emancipation of the Serfs","Alexander II freed over 23 million Russian serfs, granting them rights of free citizens; major modernization reform prompted by Crimean War defeat.","1861","","Alexander II of Russia (1818–1881): Issued the Emancipation Manifesto to modernize Russia and prevent revolution from below.","","","","","","","","Assassination of Alexander II (1881): He was assassinated partly due to dissatisfaction with pace of reforms.","Crimean War (1853–1856): Defeat exposed Russia's backwardness and prompted reforms.","Victorian Era (1837–1901): Contemporary with broader 19th century reform movements.","","","","","","Issued March 3, 1861. While serfs gained personal freedom and were promised land, the acquisition process was slow and expensive.","","Claude Sonnet 4.5","UH::Period::19th_Century, UH::Region::Europe"
"lPQ-3ml4$7","Emancipation Proclamation (Proclamation 95)","Presidential proclamation issued by Lincoln declaring freedom for enslaved people in Confederate states; transformed the Civil War into a war to end slavery and enabled Black soldiers to join Union forces.","1863","","Abraham Lincoln (1809–1865): President who issued the proclamation as a war measure.","Frederick Douglass (1818–1895): Leading abolitionist who advocated for the proclamation and Black military service.","","","","","","","American Civil War (1861–1865): Issued during the war, transformed its purpose to include ending slavery.","Thirteenth Amendment to the US Constitution (1865): Completed the work by permanently abolishing slavery.","Victorian Era (1837–1901): Contemporary period.","","","","","","Issued January 1, 1863. Declared free all enslaved people in rebellious states. Did not apply to border states or areas under Union control. Enabled nearly 200,000 Black soldiers and sailors to fight for the Union. Prevented European intervention on behalf of Confederacy by making the war about ending slavery.","","Claude Sonnet 4.5","UH::Period::19th_Century, UH::Region::North_America"
"n*TqKE5:V0","Expansion of Railways","Rapid spread of railway networks that transformed travel and industry.","1830","1870","George Stephenson (1781–1848): Helped pioneer railway technology adopted across Europe.","Isambard Kingdom Brunel (1806–1859): Built major railway lines that demonstrated the potential of rail transport.","Queen Victoria (1819–1901): Her use of rail travel popularized the new mode of transportation.","","","","","","Industrial Revolution (c. 1760–c. 1840): Grew out of earlier industrial advances in steam and iron.","Scramble for Africa (1881–1914): Railroads became tools of colonial control and resource extraction.","Second Industrial Revolution (1870–1914): Laid infrastructure later used for heavy industry and mass production.","","","","","","Enabled mass transportation, urban growth, and national integration.","","ChatGPT 5.1","UH::Period::19th_Century, UH::Region::Europe"
"g66wQcS58d","Expedition of the Thousand","Garibaldi's volunteer force of about 1,000 ""redshirts"" conquered Sicily and southern Italy from Bourbon rule; crucial military campaign in Italian unification.","1860","","Camillo Benso, Count of Cavour (1810–1861): Sardinian Prime Minister who worked with Garibaldi's achievement toward unification.","Giuseppe Garibaldi (1807–1882): Led the expedition and conquered the Kingdom of the Two Sicilies.","Victor Emmanuel II (1820–1878): King who received Garibaldi's conquests on October 26, 1860.","","","","","","Second Italian War of Independence (1859): Earlier war that set the stage for Garibaldi's expedition.","Unification of Italy (Risorgimento) (1848–1871): This expedition was the decisive military campaign that made unification possible.","Victorian Era (1837–1901): Contemporary period.","","","","","","Departed Genoa May 5, landed Marsala May 11, 1860. Conquered Sicily in three months through battles at Calatafimi (May 15) and Palermo (June 6). Crossed to mainland August 20, entered Naples September 7. Garibaldi relinquished dictatorship to Victor Emmanuel October 26. Led to Kingdom of Italy proclamation March 1861.","","Claude Sonnet 4.5","UH::Period::19th_Century, UH::Region::Europe"
"ggN(ty*<tv","First International","First international organization uniting socialist and labor movements; founded by Marx and others, dissolved after splits between communists and anarchists.","1864","1876","Karl Marx (1818–1883): Led the General Council and wrote the organization's founding documents.","Mikhail Bakunin (1814–1876): Leading anarchist whose conflict with Marx led to the International's split in 1872.","","","","","","","Paris Commune (1871): Major revolutionary event that occurred during the First International's existence.","Revolutions of 1848 (1848–1849): Earlier revolutionary wave that influenced socialist movements.","Victorian Era (1837–1901): Occurred during this period, part of 19th century political movements.","","","","","","Also known as the International Workingmen's Association. Established theoretical foundations for modern socialism, communism, and anarchism.","","Claude Sonnet 4.5","UH::Period::19th_Century, UH::Region::Europe"
"Etd*}m/.1$","Franco-Prussian War","War between France and Prussia that led to German unification.","1870","1871","Helmuth von Moltke the Elder (1800–1891): Commanded German forces to victory over France.","Napoleon III (1808–1873): French emperor, born Louis-Napoléon Bonaparte, defeated and deposed in the conflict.","Otto von Bismarck (1815–1898): Used the war to rally German states and complete unification.","","","","","","Paris Commune (1871): The siege and defeat of Paris helped trigger the Commune.","Second French Republic (1848–1852): The fall of the Second Empire led to yet another French republican experiment.","Unification of Germany (1866–1871): Its outcome directly produced the German Empire.","","","","","","Ended the French Empire and enabled the proclamation of the German Empire.","","ChatGPT 5.1","UH::Period::19th_Century, UH::Region::Europe"
"HX?soCO%>}","French Invasion of Egypt and Syria","Napoleon's military expedition to Egypt and Syria; initially successful with victories at the Pyramids, but undermined by naval defeat at Aboukir Bay and failed siege of Acre; resulted in French scientific discoveries including the Rosetta Stone.","1798","1801","Horatio Nelson, 1st Viscount Nelson (1758–1805): Destroyed the French fleet at the Battle of the Nile, stranding Napoleon's army in Egypt.","Napoleon Bonaparte (1769–1821): Commanded the expedition seeking to threaten British India and establish French presence in the East.","","","","","","","Congress of Vienna (1814–1815): Later event that dealt with Napoleon's legacy.","French Revolution (1789–1799): The expedition occurred during the Revolutionary period.","Napoleonic Wars (1803–1815): This expedition was a precursor to the Napoleonic Wars.","","","","","","Expedition departed Toulon May 19, 1798. Captured Malta June 12. Battle of the Pyramids July 21 defeated Mamluks. Nelson destroyed French fleet at Battle of the Nile (Aboukir Bay) August 1-3, 1798, stranding French army. Napoleon advanced into Syria but failed to capture Acre after two-month siege (March-May 1799). Napoleon departed Egypt August 23, 1799, leaving General Kléber in command. French forces finally surrendered to British September 1801. Commission des Sciences et des Arts discovered Rosetta Stone in 1799.","","Claude Sonnet 4.5","UH::Period::18th_Century, UH::Period::19th_Century, UH::Region::Africa, UH::Region::Asia"
"P!g&_%i*G&","French Invasion of Russia","Napoleon’s failed campaign into Russia, marked by massive losses.","1812","","Alexander I of Russia (1777–1825): Defended the Russian Empire against Napoleon’s invasion.","Mikhail Kutuzov (1745–1813): Russian commander whose strategy of retreat and scorched earth devastated Napoleon's army","Napoleon Bonaparte (1769–1821): Launched the ill-fated invasion that devastated his Grande Armée.","","","","","","Congress of Vienna (1814–1815): The invasion’s failure led eventually to the peace negotiations.","Napoleonic Wars (1803–1815): One of the decisive turning points of the war.","Peninsular War (1808–1814): Coincided with other costly campaigns that weakened France.","","","","","","The disastrous retreat severely weakened France’s military power.","","ChatGPT 5.1","UH::Period::19th_Century, UH::Region::Asia, UH::Region::Europe"
"wu8I<wCf$X","French Revolution","Political and social upheaval that ended the French monarchy and reshaped Europe.","1789","1799","Karl Marx (1818–1883): Analyzed the Revolution as a key example of class struggle.","Louis Blanc (1811–1882): Later interpreted and wrote about the Revolution in the context of social justice.","Marie Antoinette (1755–1793): the last Queen of France before the fall of the monarchy during the French Revolution. She was executed.","Napoleon Bonaparte (1769–1821): Rose to prominence as a military leader in the revolutionary wars.","","","","","Congress of Vienna (1814–1815): Aimed to restore order after the revolutionary and Napoleonic era.","Napoleonic Wars (1803–1815): Revolutionary France’s conflicts evolved into the Napoleonic Wars.","Paris Commune (1871): Later radical movements in Paris drew on revolutionary traditions.","","","","","","Introduced radical reforms and inspired revolutionary movements worldwide.","","ChatGPT 5.1","UH::Period::18th_Century, UH::Region::Europe"
"IySH}sN{1H","Great Exhibition","First world's fair showcasing industrial and cultural achievements; held in the Crystal Palace and attracted 6 million visitors.","1851","","Prince Albert of Saxe-Coburg and Gotha (1819–1861): Principal organizer and driving force behind the Great Exhibition.","Queen Victoria (1819–1901): Opened the exhibition and was heavily involved in its planning.","","","","","","","Industrial Revolution (c. 1760–c. 1840): Showcased the achievements of industrialization.","Second Industrial Revolution (1870–1914): Led into further technological advancement.","Victorian Era (1837–1901): The Great Exhibition was the defining cultural event of the era.","","","","","","Generated £186,000 surplus used to found the V&amp;A Museum, Science Museum, and Natural History Museum.","","Claude Sonnet 4.5","UH::Period::19th_Century, UH::Region::Europe"
"w/X6b)c6Fh","Hungarian Revolution of 1848–1849","Hungarian uprising against Habsburg rule seeking independence and liberal reforms; inspired by wider European revolutions but crushed by combined Austrian and Russian forces.","1848","1849","Franz Joseph I of Austria (1830–1916): Emperor who called in Russian military aid to crush the revolution.","Lajos Kossuth (1802–1894): Political leader who became virtual dictator and head of state after Hungary declared independence.","Nicholas I of Russia (1796–1855): Tsar who sent 300,000+ troops to help Austria defeat Hungary.","","","","","","Congress of Vienna (1814–1815): Established the Habsburg dominance over Hungary that revolutionaries sought to overthrow.","Revolutions of 1848 (1848–1849): The Hungarian Revolution was part of this wider wave of European revolutions.","Victorian Era (1837–1901): Contemporary period during which this occurred.","","","","","","Revolution began March 15, 1848, with 12 points of demands including press freedom and independent Hungarian ministry. Hungary declared independence and dethroned the Habsburgs on April 14, 1849. Crushed by Austro-Russian forces; last Hungarian units surrendered August 13, 1849. Followed by harsh Austrian martial law until 1867.","","Claude Sonnet 4.5","UH::Period::19th_Century, UH::Region::Europe"
"n0Oxm/&Y]S","Indian Rebellion","Major uprising by Indian soldiers and civilians against British East India Company rule; led to direct British Crown control of India.","1857","1858","Bahadur Shah Zafar (1775–1862): Last Mughal emperor, nominally restored to power by rebels in Delhi.","Queen Victoria (1819–1901): Became Empress of India following the rebellion's suppression.","Rani of Jhansi (1828–1858): Queen of Jhansi who led one of the most famous resistance campaigns against the British.","","","","","","Crimean War (1853–1856): British military context of the period, shortly before the rebellion.","Scramble for Africa (1881–1914): Part of broader 19th century imperial expansion.","Victorian Era (1837–1901): Occurred during Victoria's reign, led to major changes in British India policy.","","","","","","Also known as the Sepoy Mutiny. Led to the dissolution of the East India Company and establishment of the British Raj under the Crown.","","Claude Sonnet 4.5","UH::Period::19th_Century, UH::Region::Asia"
"wXiY(xtcVV","Industrial Revolution","Transition to mechanized production, steam power, and factories; massive changes in work, population, and technology.","c. 1760","c. 1840","George Stephenson (1781–1848): Pioneered steam locomotives, making rail transport a hallmark of industrial change.","Isambard Kingdom Brunel (1806–1859): Engineered railways and bridges that became icons of industrial engineering.","James Watt (1736–1819): Improved the steam engine, helping to trigger the shift to mechanized industry.","","","","","","American Civil War (1861–1865): Industrial capacity, especially in the North, shaped the course of the conflict.","Expansion of Railways (1830–1870): Railway construction was a major outcome and driver of industrialization.","Second Industrial Revolution (1870–1914): Built upon earlier industrial changes with new technologies and industries.","","","","","","Child labor laws, public health reforms, and modern labor movements all emerged as direct responses to industrial society’s problems.","","ChatGPT 5.1","UH::Period::18th_Century, UH::Period::19th_Century, UH::Region::Europe"
"OTfFrU^?wV","Napoleonic Wars","A series of major European conflicts led by Napoleon’s French Empire against various coalitions.","1803","1815","Alexander I of Russia (1777–1825): Allied against Napoleon and played a key role in his eventual defeat.","Arthur Wellesley, 1st Duke of Wellington (1769–1852): Commanded British and allied forces, defeating Napoleon at Waterloo.","Napoleon Bonaparte (1769–1821): Led France in a series of campaigns that reshaped Europe.","","","","","","Congress of Vienna (1814–1815): Settlement that ended the wars and reshaped Europe.","French Revolution (1789–1799): The wars grew out of the revolutionary upheavals in France.","Peninsular War (1808–1814): One of the major campaigns of the broader Napoleonic conflict.","","","","","","These wars dramatically redrew Europe’s borders and spread Napoleonic legal reforms far beyond France. They also accelerated nationalism in Germany, Italy, and Spain.","","ChatGPT 5.1","UH::Period::19th_Century, UH::Region::Europe"
"dgiyJ+Cd>z","Paris Commune","Radical socialist government that briefly ruled Paris.","1871","","Karl Marx (1818–1883): Celebrated the Commune as a prototype of proletarian government.","Louis Blanc (1811–1882): Long-time advocate of social republicanism whose ideas resonated with Communards.","Victor Hugo (1802–1885): Reflected on Parisian upheavals in his political and literary work.","","","","","","Franco-Prussian War (1870–1871): The defeat of France and siege of Paris set the stage for the Commune.","French Revolution (1789–1799): Communards drew inspiration from earlier revolutionary traditions.","Second French Republic (1848–1852): Its collapse and the failure of moderate republicanism helped radicalize Parisian politics.","","","","","","Regarded as an early precursor to later socialist and revolutionary movements.","","ChatGPT 5.1","UH::Period::19th_Century, UH::Region::Europe"
"i#?*IF]#=y","Peninsular War","Conflict in Iberia against Napoleon, involving Spain, Portugal, and Britain.","1808","1814","Arthur Wellesley, 1st Duke of Wellington (1769–1852): Led British forces in Spain and Portugal against Napoleon.","Ludwig van Beethoven (1770–1827): Reacted artistically to the anti-Napoleonic struggle in works like “Wellington’s Victory”.","Napoleon Bonaparte (1769–1821): Ordered the invasion of the Iberian Peninsula in his struggle with Britain.","","","","","","Congress of Vienna (1814–1815): Diplomats later addressed the consequences of these campaigns.","French Invasion of Russia (1812): Another major campaign that strained Napoleon’s resources.","Napoleonic Wars (1803–1815): Fought as part of the wider struggle between Napoleon and his enemies.","","","","","","A major drain on French resources and a turning point against Napoleon.","","ChatGPT 5.1","UH::Period::19th_Century, UH::Region::Europe"
"Q.Fy5g&S2Y","Peruvian War of Independence","Independence struggle led first by San Martín who declared independence in 1821, then by Bolívar who secured final victory; culminated in the decisive battles of Junín and Ayacucho in 1824, ending Spanish rule in South America.","1820","1824","Antonio José de Sucre (1795–1830): Commanded the decisive Battle of Ayacucho in 1824.","José de San Martín (1778–1850): Led the Liberating Expedition from the south, declared independence July 28, 1821, and served as Protector.","Simón Bolívar (1783–1830): Led the northern expedition, took command after San Martín's departure in 1822.","","","","","","Congress of Angostura (1819): Bolívar's earlier revolutionary congress.","Napoleonic Wars (1803–1815): Weakened Spanish colonial control.","Venezuelan War of Independence (1810–1823): Part of the broader South American independence struggle.","","","","","","San Martín landed at Pisco September 1820. Independence declared July 28, 1821 in Lima. Guayaquil Conference July 26, 1822 between San Martín and Bolívar to decide Peru's political fate; San Martín departed September 22, 1822. Bolívar arrived Lima December 10, 1823. Battle of Junín August 6, 1824 commanded by Bolívar. Battle of Ayacucho December 9, 1824 commanded by Sucre secured independence of Peru and all South America.","","Claude Sonnet 4.5","UH::Period::19th_Century, UH::Region::South_America"
"mA?9~5g^`j","Publication of <i>On the Origin of Species</i>","Darwin's groundbreaking work presenting the theory of evolution by natural selection; foundation of modern evolutionary biology.","1859","","Alfred Russel Wallace (1823–1913): Co-discoverer of natural selection who independently conceived similar ideas.","Charles Darwin (1809–1882): Author who presented the theory of evolution by natural selection.","Thomas Henry Huxley (1825–1895): Prominent biologist who became Darwin's most vocal defender.","","","","","","Second Industrial Revolution (1870–1914): Part of broader scientific revolution of the 19th century.","Victorian Era (1837–1901): Published during Victoria's reign, major scientific achievement of the era.","Voyage of the HMS <i>Beagle</i> (1831–1836): Darwin's voyage provided crucial observations for the theory.","","","","","","Sold out immediately upon publication. Generated major scientific and religious controversy but was quickly embraced by the scientific community.","","Claude Sonnet 4.5","UH::Period::19th_Century, UH::Region::Europe"
"@!&(bu)M)@","Reign of Terror","Period of mass executions (1793-1794) led by the Committee of Public Safety; approximately 17,000 officially executed","1793","1794","","","","","","","","","French Revolution (1789–1799): radical phase of","","","","","","","","","","","UH::Period::18th_Century, UH::Region::Europe::Western, UH::Theme::Politics"
"DtyZq5U9Rq","Revolutions of 1848","A wave of liberal, nationalist, and democratic uprisings across Europe, often called the “Springtime of Nations.”","1848","1849","Karl Marx (1818–1883): Observed the revolutions and developed his revolutionary critique of capitalism around this period.","Lajos Kossuth (1802–1894): Led the Hungarian revolution, one of the major uprisings of 1848.","Louis Blanc (1811–1882): French socialist whose ideas influenced the Parisian uprising of 1848.","","","","","","Second French Republic (1848–1852): Established in France as a direct result of the 1848 uprising.","Unification of Germany (1866–1871): Nationalist sentiments from 1848 later culminated in unification.","Unification of Italy (Risorgimento) (1848–1871): Italian uprisings in 1848 became part of the broader unification struggle.","","","","","","Although most uprisings failed, they left lasting legacies: constitutional reforms, abolition of serfdom in the Habsburg Empire, and political momentum for later national unifications.","","ChatGPT 5.1","UH::Period::19th_Century, UH::Region::Europe"
"x>D]_y=f^W","Russo-Turkish War","War between Russia and allies against Ottoman Empire; resulted in independence of Romania, Serbia, and Montenegro and autonomy for Bulgaria.","1877","1878","Abdul Hamid II (1842–1918): Ottoman Sultan during the war and defeat.","Alexander II of Russia (1818–1881): Led Russia in support of Balkan independence movements.","","","","","","","Congress of Berlin (1878): Conference that revised the war's settlement.","Victorian Era (1837–1901): Contemporary event, part of 19th century European conflicts.","","","","","","","Treaty of San Stefano (March 3, 1878) was revised by Congress of Berlin. Major step toward dismantling Ottoman control of the Balkans.","","Claude Sonnet 4.5","UH::Period::19th_Century, UH::Region::Europe"
"NNealv^CM|","Scramble for Africa","Rapid European colonization and partition of Africa.","1881","1914","Otto von Bismarck (1815–1898): Hosted the Berlin Conference that formalized colonial partition.","Queen Victoria (1819–1901): Symbol of British imperial expansion into Africa.","Wilhelm I (1797–1888): German emperor during the early phase of German colonial acquisition.","","","","","","Crimean War (1853–1856): Earlier power rivalries evolved into overseas competition.","Expansion of Railways (1830–1870): Rail technology enabled deeper penetration and control of territories.","Second Industrial Revolution (1870–1914): Industrial powers sought raw materials and markets in Africa.","","","","","","Driven by industrial demand, nationalism, and imperial competition.","","ChatGPT 5.1","UH::Period::19th_Century, UH::Period::20th_Century, UH::Region::Africa, UH::Region::Europe"
"mFCT}}k.5m","Second French Empire","Napoleon III's imperial regime; period of industrialization and modernization of France that ended with defeat in the Franco-Prussian War.","1852","1870","Napoleon III (1808–1873): Nephew of Napoleon Bonaparte who ruled France as emperor.","","","","","","","","Franco-Prussian War (1870–1871): War that ended the Second Empire.","Second Italian War of Independence (1859): Napoleon III's major foreign policy venture.","Victorian Era (1837–1901): Contemporary period, Napoleon III and Victoria were contemporaries.","","","","","","Established after coup d'état on December 2, 1851. Era of major Paris reconstruction and economic growth. Ended with Napoleon III's capture at Sedan in 1870.","","Claude Sonnet 4.5","UH::Period::19th_Century, UH::Region::Europe"
"H4QZD&0V>x","Second French Republic","Short-lived republican government formed after the 1848 revolution in France.","1848","1852","Louis Blanc (1811–1882): Served briefly in the provisional government, advocating social reforms.","Napoleon III (1808–1873): Elected president of the Republic before proclaiming himself emperor; born Louis-Napoléon Bonaparte.","Victor Hugo (1802–1885): Participated in politics and later chronicled the era’s struggles.","","","","","","Franco-Prussian War (1870–1871): The war ended the Second Empire that had replaced the Republic.","Paris Commune (1871): Later radical republicanism emerged after the fall of the Second Empire.","Revolutions of 1848 (1848–1849): Created as a direct outcome of the 1848 revolution in France.","","","","","","Ended when Louis-Napoleon declared himself Emperor Napoleon III.","","ChatGPT 5.1","UH::Period::19th_Century, UH::Region::Europe"
"p1KG=fP9TY","Second Industrial Revolution","Wave of industrialization marked by steel, electricity, and chemicals.","1870","1914","Alexander II of Russia (1818–1881): Encouraged modernization and industrial development within the Russian Empire.","Otto von Bismarck (1815–1898): Presided over Germany’s rapid industrial expansion after unification.","Queen Victoria (1819–1901): Reigned over Britain during the height of late-19th-century industrial growth.","","","","","","American Civil War (1861–1865): Postwar developments in the United States formed part of the new industrial age.","Expansion of Railways (1830–1870): Relied on and extended railway infrastructure.","Scramble for Africa (1881–1914): Industrial powers sought overseas resources and markets.","","","","","","Laid foundations for modern industry, global trade, and technology.","","ChatGPT 5.1","UH::Period::19th_Century, UH::Region::Europe"
"ci-~PN6znY","Second Italian War of Independence","War between France and Sardinia-Piedmont against Austria; resulted in Lombardy's transfer to Sardinia, advancing Italian unification.","1859","","Camillo Benso, Count of Cavour (1810–1861): Sardinian Prime Minister who orchestrated the alliance with France.","Napoleon III (1808–1873): Allied with Sardinia to fight Austria in exchange for Savoy and Nice.","Victor Emmanuel II (1820–1878): King of Sardinia-Piedmont who would become first King of unified Italy.","","","","","","Crimean War (1853–1856): Sardinia's participation won allies for unification.","Napoleonic Wars (1803–1815): Context for French involvement in Italian affairs.","Unification of Italy (Risorgimento) (1848–1871): This war was a key stage in the unification process.","","","","","","Major battles at Magenta and Solferino. France gained Savoy and Nice; Sardinia gained most of Lombardy.","","Claude Sonnet 4.5","UH::Period::19th_Century, UH::Region::Europe"
"k+T}oG}0H<","Second Schleswig War","War between Denmark and Prussia-Austria over Schleswig-Holstein; Denmark's defeat led to major territorial losses and strengthened Prussia.","1864","","Christian IX (1818–1906): King whose signing of the November Constitution triggered the conflict.","Otto von Bismarck (1815–1898): Prussian Minister-President who provoked the war to advance German unification.","","","","","","","Austro-Prussian War (1866): Prussia and Austria fought over control of the duchies gained in this war.","Franco-Prussian War (1870–1871): The final war in Bismarck's unification strategy.","Unification of Germany (1866–1871): This war was the first of Bismarck's three wars leading to unification.","","","","","","Denmark lost 40% of its territory and about one million people. The war demonstrated Prussian military strength and Bismarck's diplomatic cunning.","","Claude Sonnet 4.5","UH::Period::19th_Century, UH::Region::Europe"
"aj0N{d#Fnp","Storming of the Bastille","Parisian mob stormed the Bastille fortress on July 14, 1789, marking the start of the French Revolution","1789","","","","","","","","","","French Revolution (1789–1799): symbolic beginning of","","","","","","","","","","","UH::Period::18th_Century, UH::Region::Europe::Western, UH::Theme::Politics"
"lWbCMj&KEB","Thermidorian Reaction","Coup against Robespierre on 9 Thermidor (July 27, 1794), ending the Reign of Terror","1794","","Georges Danton (1759–1794): was partly caused by execution of","Maximilien Robespierre (1758–1794): led to execution of","","","","","","","French Revolution (1789–1799): moderate phase following the Terror","Reign of Terror (1793–1794): ended","","","","","","","Named after 9 Thermidor Year II in the French Republican Calendar (July 27, 1794). The Republican Calendar was adopted in 1793, replacing the Gregorian calendar with 12 months of 30 days each, named after natural phenomena. Thermidor (from Greek 'thermos' = heat) was the summer month roughly corresponding to July 19–August 17.","","","UH::Period::18th_Century, UH::Region::Europe::Western, UH::Theme::Politics"
"i8q[`T$yM;","Thirteenth Amendment to the US Constitution","Constitutional amendment that abolished slavery and involuntary servitude throughout the United States; first of the three Reconstruction Amendments.","1865","","Abraham Lincoln (1809–1865): President who pushed for the amendment's passage, though he was assassinated before ratification.","Andrew Johnson (1808–1875): President who secured ratification by requiring Southern states to ratify as part of Reconstruction.","William H. Seward (1801–1872): Secretary of State who proclaimed the amendment on December 18, 1865.","","","","","","American Civil War (1861–1865): The war led to the amendment's passage.","Emancipation Proclamation (Proclamation 95) (1863): The amendment completed what the proclamation began.","Victorian Era (1837–1901): Contemporary period.","","","","","","Passed by Senate April 8, 1864, and House January 31, 1865. Ratified December 6, 1865 when Georgia became the 27th state to ratify. Proclaimed December 18, 1865. Exception clause allows involuntary servitude as punishment for crime.","","Claude Sonnet 4.5","UH::Period::19th_Century, UH::Region::North_America"
"bZgXHup$Vt","Unification of Germany","The process, driven largely by Prussia, that united numerous German states into the German Empire.","1866","1871","Helmuth von Moltke the Elder (1800–1891): Directed Prussian military campaigns crucial to unification.","Otto von Bismarck (1815–1898): Orchestrated political and military moves that unified the German states.","Wilhelm I (1797–1888): Became the first German Emperor after unification.","","","","","","Austro-Prussian War (1866): Prussian victory weakened Austria and advanced unification.","Franco-Prussian War (1870–1871): Final conflict that rallied German states and produced the empire.","Revolutions of 1848 (1848–1849): Earlier, failed attempts at German unity influenced later strategies.","","","","","","The empire was proclaimed in the Hall of Mirrors at Versailles, symbolically asserting German dominance after defeating France. This unification shifted Europe’s power balance for decades.","","ChatGPT 5.1","UH::Period::19th_Century, UH::Region::Europe"
"tZ3e(sOwIZ","Unification of Italy (Risorgimento)","Series of political and military efforts to unify the Italian peninsula.","1848","1871","Giuseppe Mazzini (1805–1872): Prominent Italian nationalist whose ideas inspired the Risorgimento.","Napoleon III (1808–1873): Supported and then constrained Italian unification efforts through diplomacy and war.","Queen Victoria (1819–1901): British monarch whose government often backed Italian national aspirations.","","","","","","Crimean War (1853–1856): Participation by Piedmont-Sardinia won allies useful for unification.","Revolutions of 1848 (1848–1849): Italian uprisings in 1848 were key stages of the Risorgimento.","Unification of Germany (1866–1871): Both processes reflected 19th-century nationalist movements.","","","","","","Completed with Rome becoming the capital.","","ChatGPT 5.1","UH::Period::19th_Century, UH::Region::Europe"
"su[Q[=~E@C","Venezuelan War of Independence","Venezuelan struggle for independence from Spanish colonial rule; achieved through prolonged military campaigns led by Bolívar culminating in the Battle of Carabobo and establishment of Gran Colombia.","1810","1823","Antonio José de Sucre (1795–1830): Bolívar's chief lieutenant who commanded crucial victories including Ayacucho.","Simón Bolívar (1783–1830): Commander and political leader who led the independence movement and liberated Venezuela.","","","","","","","Congress of Angostura (1819): Established Gran Colombia during the independence struggle.","Napoleonic Wars (1803–1815): Spain's involvement in European conflicts weakened colonial control, enabling independence movements.","Victorian Era (1837–1901): Later contemporary period.","","","","","","First Republic declared July 5, 1811, but collapsed after 1812 earthquake. Bolívar's Admirable Campaign of 1813 established Second Republic, which also fell. Battle of Boyacá (August 7, 1819) liberated New Granada. Decisive Battle of Carabobo (June 24, 1821) secured Venezuelan independence. Final Spanish forces defeated at Lake Maracaibo naval battle (July 24, 1823).","","Claude Sonnet 4.5","UH::Period::19th_Century, UH::Region::South_America"
"vij{}@jxfT","Vicksburg campaign","Union campaign culminating in the siege and capture of Vicksburg, giving the Union control of the Mississippi River; Grant's forces won five battles in three weeks before besieging the city for 40 days until Confederate surrender on July 4, 1863.","1862","1863","Ulysses S. Grant (1822–1885): Commanded Union Army of the Tennessee in the campaign called ""the most brilliant and innovative campaign of the Civil War"".","","","","","","","","American Civil War (1861–1865): The campaign was a decisive turning point in the war.","Appomattox Campaign (1865): Grant's later campaign that ended the war.","Emancipation Proclamation (Proclamation 95) (1863): Occurred during the same period.","","","","","","Campaign began in 1862. Grant crossed Mississippi River at Bruinsburg, won battles at Port Gibson, Raymond, and Jackson (captured May 14, 1863). Siege began May 25, 1863 after failed assaults May 19 and 22. Confederate General John C. Pemberton surrendered July 4, 1863, giving Union control of the Mississippi River. Historian James McPherson called it ""the most brilliant and innovative campaign of the Civil War.""","","Claude Sonnet 4.5","UH::Period::19th_Century, UH::Region::North_America"
"s:7/cm<}cq","Victorian Era","Period of Queen Victoria's reign marked by British industrial dominance, vast imperial expansion, and major social and scientific changes.","1837","1901","Benjamin Disraeli (1804–1881): Prime Minister who had an exceptionally close relationship with Victoria and made her Empress of India.","Prince Albert of Saxe-Coburg and Gotha (1819–1861): Victoria's consort whose death in 1861 profoundly affected the queen and the era.","Queen Victoria (1819–1901): Reigned for 63 years, longest in British history at the time.","","","","","","Industrial Revolution (c. 1760–c. 1840): The Victorian Era saw the culmination and continuation of industrialization.","Scramble for Africa (1881–1914): British imperial expansion was a defining feature of the era.","Second Industrial Revolution (1870–1914): Major overlap with the late Victorian period drove further technological advances.","","","","","","Britain became the world's first global industrial power. The empire expanded to rule one-fourth of the global population.","","Claude Sonnet 4.5","UH::Period::19th_Century, UH::Region::Europe"
"JC`6a_0/R_","Voyage of the HMS <i>Beagle</i>","Scientific expedition during which Darwin developed key evolutionary insights.","1831","1836","Alfred Russel Wallace (1823–1913): Later independently conceived a theory of evolution by natural selection, closely linked to Darwin’s work.","Charles Darwin (1809–1882): Sailed on HMS Beagle, gathering observations that led to his theory of evolution.","Thomas Henry Huxley (1825–1895): Became a leading defender of Darwin’s ideas after the voyage’s scientific results were published.","","","","","","Industrial Revolution (c. 1760–c. 1840): Took place during a period of expanding scientific curiosity and exploration.","Scramble for Africa (1881–1914): Scientific exploration and classification later intersected with imperial expansion.","Second Industrial Revolution (1870–1914): The science it inspired fed into later technological advances.","","","","","","Provided Darwin with crucial observations that led to his theory of natural selection.","","ChatGPT 5.1","UH::Period::19th_Century, UH::Region::Europe, UH::Region::Oceania, UH::Region::South_America"
